wallet_id,wallet_kind,user_id,cluster_id,asset,network,risk_seed,created_at
wal_000001,user_wallet,usr_000001,,USDT,TRON,clean,2025-12-19T13:55:45
wal_000002,user_wallet,usr_000001,,BTC,BTC,clean,2025-12-11T12:39:08
wal_000003,user_wallet,usr_000001,,ETH,ETH,clean,2025-12-22T12:51:03
wal_000004,user_wallet,usr_000002,,USDT,TRON,clean,2025-12-18T10:40:42
wal_000005,user_wallet,usr_000002,,BTC,BTC,clean,2025-12-16T11:50:34
wal_000006,user_wallet,usr_000002,,ETH,ETH,clean,2025-11-27T14:52:13
wal_000007,user_wallet,usr_000003,,USDT,TRON,clean,2025-11-26T07:06:20
wal_000008,user_wallet,usr_000003,,BTC,BTC,clean,2025-11-25T19:24:49
wal_000009,user_wallet,usr_000003,,ETH,ETH,clean,2025-12-24T19:41:43
wal_000010,user_wallet,usr_000004,,USDT,TRON,clean,2025-12-26T13:13:33
wal_000011,user_wallet,usr_000004,,BTC,BTC,clean,2025-12-10T16:25:18
wal_000012,user_wallet,usr_000004,,ETH,ETH,clean,2025-12-13T08:31:24
wal_000013,user_wallet,usr_000005,,USDT,TRON,clean,2025-12-04T16:32:49
wal_000014,user_wallet,usr_000005,,BTC,BTC,clean,2025-11-28T14:05:40
wal_000015,user_wallet,usr_000005,,ETH,ETH,clean,2025-12-06T12:17:05
wal_000016,user_wallet,usr_000006,,USDT,TRON,clean,2025-11-29T11:16:45
wal_000017,user_wallet,usr_000006,,BTC,BTC,clean,2025-12-08T14:29:32
wal_000018,user_wallet,usr_000006,,ETH,ETH,clean,2025-11-25T08:23:10
wal_000019,user_wallet,usr_000007,,USDT,TRON,clean,2025-12-09T01:46:57
wal_000020,user_wallet,usr_000007,,BTC,BTC,clean,2025-12-06T19:09:00
wal_000021,user_wallet,usr_000007,,ETH,ETH,clean,2025-12-31T12:34:22
wal_000022,user_wallet,usr_000008,,USDT,TRON,clean,2025-11-18T21:44:53
wal_000023,user_wallet,usr_000008,,BTC,BTC,clean,2025-12-19T14:17:14
wal_000024,user_wallet,usr_000008,,ETH,ETH,clean,2025-11-06T01:49:49
wal_000025,user_wallet,usr_000009,,USDT,TRON,clean,2025-12-01T08:07:00
wal_000026,user_wallet,usr_000009,,BTC,BTC,clean,2025-11-05T19:08:12
wal_000027,user_wallet,usr_000009,,ETH,ETH,clean,2025-12-24T16:40:41
wal_000028,user_wallet,usr_000010,,USDT,TRON,clean,2025-12-11T13:31:26
wal_000029,user_wallet,usr_000010,,BTC,BTC,clean,2025-12-28T11:05:17
wal_000030,user_wallet,usr_000010,,ETH,ETH,clean,2025-11-26T08:41:56
wal_000031,user_wallet,usr_000011,,USDT,TRON,clean,2025-12-21T12:10:06
wal_000032,user_wallet,usr_000011,,BTC,BTC,clean,2025-11-17T13:34:52
wal_000033,user_wallet,usr_000011,,ETH,ETH,clean,2025-12-22T18:48:14
wal_000034,user_wallet,usr_000012,,USDT,TRON,clean,2026-01-01T23:59:00
wal_000035,user_wallet,usr_000012,,BTC,BTC,clean,2025-11-23T12:10:46
wal_000036,user_wallet,usr_000012,,ETH,ETH,clean,2026-01-01T16:31:41
wal_000037,user_wallet,usr_000013,,USDT,TRON,clean,2025-12-14T13:28:00
wal_000038,user_wallet,usr_000013,,BTC,BTC,clean,2025-11-18T16:04:22
wal_000039,user_wallet,usr_000013,,ETH,ETH,clean,2025-11-18T23:00:03
wal_000040,user_wallet,usr_000014,,USDT,TRON,clean,2025-12-07T23:34:16
wal_000041,user_wallet,usr_000014,,BTC,BTC,clean,2025-12-14T12:06:03
wal_000042,user_wallet,usr_000014,,ETH,ETH,clean,2025-11-27T17:31:09
wal_000043,user_wallet,usr_000015,,USDT,TRON,clean,2025-11-13T14:23:11
wal_000044,user_wallet,usr_000015,,BTC,BTC,clean,2025-11-30T10:29:16
wal_000045,user_wallet,usr_000015,,ETH,ETH,clean,2025-11-16T22:03:09
wal_000046,user_wallet,usr_000016,,USDT,TRON,clean,2025-12-08T22:43:39
wal_000047,user_wallet,usr_000016,,BTC,BTC,clean,2025-11-11T10:11:10
wal_000048,user_wallet,usr_000016,,ETH,ETH,clean,2025-11-15T19:02:27
wal_000049,user_wallet,usr_000017,,USDT,TRON,clean,2025-12-28T14:16:24
wal_000050,user_wallet,usr_000017,,BTC,BTC,clean,2025-12-13T15:30:02
wal_000051,user_wallet,usr_000017,,ETH,ETH,clean,2025-11-13T12:39:38
wal_000052,user_wallet,usr_000018,,USDT,TRON,clean,2025-12-24T08:04:19
wal_000053,user_wallet,usr_000018,,BTC,BTC,clean,2025-12-17T12:49:54
wal_000054,user_wallet,usr_000018,,ETH,ETH,clean,2025-12-05T18:11:12
wal_000055,user_wallet,usr_000019,,USDT,TRON,clean,2025-12-25T23:53:44
wal_000056,user_wallet,usr_000019,,BTC,BTC,clean,2025-11-07T14:03:10
wal_000057,user_wallet,usr_000019,,ETH,ETH,clean,2025-12-26T12:54:14
wal_000058,user_wallet,usr_000020,,USDT,TRON,clean,2025-12-02T09:40:20
wal_000059,user_wallet,usr_000020,,BTC,BTC,clean,2025-12-27T16:45:57
wal_000060,user_wallet,usr_000020,,ETH,ETH,clean,2025-12-13T12:33:48
wal_000061,user_wallet,usr_000021,,USDT,TRON,clean,2025-12-06T14:58:42
wal_000062,user_wallet,usr_000021,,BTC,BTC,clean,2025-11-24T17:10:53
wal_000063,user_wallet,usr_000021,,ETH,ETH,clean,2025-12-14T19:18:06
wal_000064,user_wallet,usr_000022,,USDT,TRON,clean,2025-12-27T19:12:21
wal_000065,user_wallet,usr_000022,,BTC,BTC,clean,2025-11-28T03:09:20
wal_000066,user_wallet,usr_000022,,ETH,ETH,clean,2025-12-27T18:31:21
wal_000067,user_wallet,usr_000023,,USDT,TRON,clean,2025-11-29T19:21:57
wal_000068,user_wallet,usr_000023,,BTC,BTC,clean,2025-12-03T12:10:58
wal_000069,user_wallet,usr_000023,,ETH,ETH,clean,2025-12-30T18:14:14
wal_000070,user_wallet,usr_000024,,USDT,TRON,clean,2025-11-18T12:13:44
wal_000071,user_wallet,usr_000024,,BTC,BTC,clean,2025-12-15T13:26:42
wal_000072,user_wallet,usr_000024,,ETH,ETH,clean,2025-11-08T20:39:38
wal_000073,user_wallet,usr_000025,,USDT,TRON,clean,2026-01-01T07:46:46
wal_000074,user_wallet,usr_000025,,BTC,BTC,clean,2025-11-08T23:14:29
wal_000075,user_wallet,usr_000025,,ETH,ETH,clean,2025-11-20T11:06:52
wal_000076,user_wallet,usr_000026,,USDT,TRON,clean,2025-11-27T14:17:53
wal_000077,user_wallet,usr_000026,,BTC,BTC,clean,2025-11-26T21:51:26
wal_000078,user_wallet,usr_000026,,ETH,ETH,clean,2025-12-13T19:07:08
wal_000079,user_wallet,usr_000027,,USDT,TRON,clean,2025-11-02T23:33:49
wal_000080,user_wallet,usr_000027,,BTC,BTC,clean,2025-12-19T15:14:42
wal_000081,user_wallet,usr_000027,,ETH,ETH,clean,2025-12-27T15:44:44
wal_000082,user_wallet,usr_000028,,USDT,TRON,clean,2025-11-07T21:20:07
wal_000083,user_wallet,usr_000028,,BTC,BTC,clean,2025-12-03T18:06:25
wal_000084,user_wallet,usr_000028,,ETH,ETH,clean,2025-11-28T07:52:05
wal_000085,user_wallet,usr_000029,,USDT,TRON,clean,2025-12-01T15:08:31
wal_000086,user_wallet,usr_000029,,BTC,BTC,clean,2025-11-02T11:35:59
wal_000087,user_wallet,usr_000029,,ETH,ETH,clean,2025-11-29T21:59:32
wal_000088,user_wallet,usr_000030,,USDT,TRON,clean,2025-12-07T23:47:59
wal_000089,user_wallet,usr_000030,,BTC,BTC,clean,2025-12-07T12:13:39
wal_000090,user_wallet,usr_000030,,ETH,ETH,clean,2025-12-17T13:58:43
wal_000091,user_wallet,usr_000031,,USDT,TRON,clean,2025-12-20T20:43:16
wal_000092,user_wallet,usr_000031,,BTC,BTC,clean,2025-11-11T23:50:18
wal_000093,user_wallet,usr_000031,,ETH,ETH,clean,2025-11-15T18:22:52
wal_000094,user_wallet,usr_000032,,USDT,TRON,clean,2025-11-14T19:18:28
wal_000095,user_wallet,usr_000032,,BTC,BTC,clean,2025-11-13T00:11:11
wal_000096,user_wallet,usr_000032,,ETH,ETH,clean,2025-12-19T14:02:27
wal_000097,user_wallet,usr_000033,,USDT,TRON,clean,2025-11-24T16:39:58
wal_000098,user_wallet,usr_000033,,BTC,BTC,clean,2025-12-11T11:43:56
wal_000099,user_wallet,usr_000033,,ETH,ETH,clean,2025-11-22T17:07:24
wal_000100,user_wallet,usr_000034,,USDT,TRON,clean,2025-12-11T07:44:54
wal_000101,user_wallet,usr_000034,,BTC,BTC,clean,2025-11-06T15:06:18
wal_000102,user_wallet,usr_000034,,ETH,ETH,clean,2025-12-22T22:05:18
wal_000103,user_wallet,usr_000035,,USDT,TRON,clean,2025-12-31T04:29:41
wal_000104,user_wallet,usr_000035,,BTC,BTC,clean,2025-12-07T07:16:06
wal_000105,user_wallet,usr_000035,,ETH,ETH,clean,2025-11-14T21:21:22
wal_000106,user_wallet,usr_000036,,USDT,TRON,clean,2025-11-07T19:57:34
wal_000107,user_wallet,usr_000036,,BTC,BTC,clean,2025-11-14T16:04:46
wal_000108,user_wallet,usr_000036,,ETH,ETH,clean,2025-11-06T22:40:01
wal_000109,user_wallet,usr_000037,,USDT,TRON,clean,2025-12-03T13:23:14
wal_000110,user_wallet,usr_000037,,BTC,BTC,clean,2025-11-04T22:58:50
wal_000111,user_wallet,usr_000037,,ETH,ETH,clean,2025-11-25T14:56:02
wal_000112,user_wallet,usr_000038,,USDT,TRON,clean,2025-11-13T07:42:14
wal_000113,user_wallet,usr_000038,,BTC,BTC,clean,2025-11-28T23:07:30
wal_000114,user_wallet,usr_000038,,ETH,ETH,clean,2025-12-15T12:37:10
wal_000115,user_wallet,usr_000039,,USDT,TRON,clean,2025-12-04T16:43:21
wal_000116,user_wallet,usr_000039,,BTC,BTC,clean,2025-12-31T15:04:14
wal_000117,user_wallet,usr_000039,,ETH,ETH,clean,2025-11-26T11:01:12
wal_000118,user_wallet,usr_000040,,USDT,TRON,clean,2025-11-14T07:36:33
wal_000119,user_wallet,usr_000040,,BTC,BTC,clean,2025-11-09T14:41:13
wal_000120,user_wallet,usr_000040,,ETH,ETH,clean,2025-12-16T21:23:06
wal_000121,user_wallet,usr_000041,,USDT,TRON,clean,2025-12-23T16:43:45
wal_000122,user_wallet,usr_000041,,BTC,BTC,clean,2025-11-05T07:51:05
wal_000123,user_wallet,usr_000041,,ETH,ETH,clean,2025-12-24T10:05:04
wal_000124,user_wallet,usr_000042,,USDT,TRON,clean,2025-11-27T15:00:47
wal_000125,user_wallet,usr_000042,,BTC,BTC,clean,2025-12-17T07:35:18
wal_000126,user_wallet,usr_000042,,ETH,ETH,clean,2025-12-18T22:22:22
wal_000127,user_wallet,usr_000043,,USDT,TRON,clean,2025-11-06T17:14:43
wal_000128,user_wallet,usr_000043,,BTC,BTC,clean,2025-12-16T13:26:22
wal_000129,user_wallet,usr_000043,,ETH,ETH,clean,2025-12-05T16:53:16
wal_000130,user_wallet,usr_000044,,USDT,TRON,clean,2025-12-25T12:49:06
wal_000131,user_wallet,usr_000044,,BTC,BTC,clean,2025-11-09T23:42:31
wal_000132,user_wallet,usr_000044,,ETH,ETH,clean,2025-12-11T07:54:30
wal_000133,user_wallet,usr_000045,,USDT,TRON,clean,2025-11-15T17:23:23
wal_000134,user_wallet,usr_000045,,BTC,BTC,clean,2025-12-26T14:11:36
wal_000135,user_wallet,usr_000045,,ETH,ETH,clean,2025-11-10T01:52:06
wal_000136,user_wallet,usr_000046,,USDT,TRON,clean,2025-12-01T12:55:10
wal_000137,user_wallet,usr_000046,,BTC,BTC,clean,2025-12-12T20:26:40
wal_000138,user_wallet,usr_000046,,ETH,ETH,clean,2025-12-11T17:58:04
wal_000139,user_wallet,usr_000047,,USDT,TRON,clean,2025-11-07T14:06:06
wal_000140,user_wallet,usr_000047,,BTC,BTC,clean,2025-11-06T03:35:03
wal_000141,user_wallet,usr_000047,,ETH,ETH,clean,2025-11-03T22:48:05
wal_000142,user_wallet,usr_000048,,USDT,TRON,clean,2025-12-28T15:40:40
wal_000143,user_wallet,usr_000048,,BTC,BTC,clean,2025-12-06T13:30:34
wal_000144,user_wallet,usr_000048,,ETH,ETH,clean,2025-11-16T21:19:23
wal_000145,user_wallet,usr_000049,,USDT,TRON,clean,2025-11-20T10:39:28
wal_000146,user_wallet,usr_000049,,BTC,BTC,clean,2025-11-19T21:12:20
wal_000147,user_wallet,usr_000049,,ETH,ETH,clean,2025-11-03T07:11:06
wal_000148,user_wallet,usr_000050,,USDT,TRON,clean,2025-12-02T17:16:52
wal_000149,user_wallet,usr_000050,,BTC,BTC,clean,2025-11-26T18:49:45
wal_000150,user_wallet,usr_000050,,ETH,ETH,clean,2025-11-17T14:15:47
wal_000151,user_wallet,usr_000051,,USDT,TRON,clean,2025-12-12T11:10:50
wal_000152,user_wallet,usr_000051,,BTC,BTC,clean,2025-11-19T14:50:15
wal_000153,user_wallet,usr_000051,,ETH,ETH,clean,2025-11-02T04:50:44
wal_000154,user_wallet,usr_000052,,USDT,TRON,clean,2025-12-06T19:36:11
wal_000155,user_wallet,usr_000052,,BTC,BTC,clean,2025-12-06T16:29:17
wal_000156,user_wallet,usr_000052,,ETH,ETH,clean,2025-12-27T22:10:04
wal_000157,user_wallet,usr_000053,,USDT,TRON,clean,2026-01-01T07:12:06
wal_000158,user_wallet,usr_000053,,BTC,BTC,clean,2025-12-03T11:36:41
wal_000159,user_wallet,usr_000053,,ETH,ETH,clean,2025-12-25T14:33:39
wal_000160,user_wallet,usr_000054,,USDT,TRON,clean,2025-12-07T11:49:40
wal_000161,user_wallet,usr_000054,,BTC,BTC,clean,2025-12-08T14:44:42
wal_000162,user_wallet,usr_000054,,ETH,ETH,clean,2025-11-29T19:50:11
wal_000163,user_wallet,usr_000055,,USDT,TRON,clean,2025-12-31T11:02:29
wal_000164,user_wallet,usr_000055,,BTC,BTC,clean,2025-11-24T09:23:56
wal_000165,user_wallet,usr_000055,,ETH,ETH,clean,2025-12-09T13:51:19
wal_000166,user_wallet,usr_000056,,USDT,TRON,clean,2025-12-12T21:03:19
wal_000167,user_wallet,usr_000056,,BTC,BTC,clean,2025-12-05T08:20:32
wal_000168,user_wallet,usr_000056,,ETH,ETH,clean,2025-12-16T11:43:46
wal_000169,user_wallet,usr_000057,,USDT,TRON,clean,2025-12-03T15:12:35
wal_000170,user_wallet,usr_000057,,BTC,BTC,clean,2025-12-11T04:15:15
wal_000171,user_wallet,usr_000057,,ETH,ETH,clean,2025-11-06T14:20:43
wal_000172,user_wallet,usr_000058,,USDT,TRON,clean,2025-12-02T08:47:34
wal_000173,user_wallet,usr_000058,,BTC,BTC,clean,2025-11-15T15:48:16
wal_000174,user_wallet,usr_000058,,ETH,ETH,clean,2025-12-07T16:09:44
wal_000175,user_wallet,usr_000059,,USDT,TRON,clean,2025-11-13T14:35:59
wal_000176,user_wallet,usr_000059,,BTC,BTC,clean,2025-12-17T08:59:33
wal_000177,user_wallet,usr_000059,,ETH,ETH,clean,2025-11-21T14:47:10
wal_000178,user_wallet,usr_000060,,USDT,TRON,clean,2025-12-13T08:55:08
wal_000179,user_wallet,usr_000060,,BTC,BTC,clean,2025-11-21T22:58:08
wal_000180,user_wallet,usr_000060,,ETH,ETH,clean,2025-11-29T01:41:59
wal_000181,user_wallet,usr_000061,,USDT,TRON,clean,2025-12-11T15:36:39
wal_000182,user_wallet,usr_000061,,BTC,BTC,clean,2025-11-16T12:43:01
wal_000183,user_wallet,usr_000061,,ETH,ETH,clean,2025-11-24T10:08:32
wal_000184,user_wallet,usr_000062,,USDT,TRON,clean,2025-11-27T00:35:24
wal_000185,user_wallet,usr_000062,,BTC,BTC,clean,2025-12-05T18:12:18
wal_000186,user_wallet,usr_000062,,ETH,ETH,clean,2025-11-30T13:49:52
wal_000187,user_wallet,usr_000063,,USDT,TRON,clean,2025-11-26T08:58:21
wal_000188,user_wallet,usr_000063,,BTC,BTC,clean,2025-12-08T19:10:55
wal_000189,user_wallet,usr_000063,,ETH,ETH,clean,2025-11-11T07:26:19
wal_000190,user_wallet,usr_000064,,USDT,TRON,clean,2025-12-16T22:50:35
wal_000191,user_wallet,usr_000064,,BTC,BTC,clean,2025-11-13T04:23:59
wal_000192,user_wallet,usr_000064,,ETH,ETH,clean,2025-11-04T09:20:23
wal_000193,user_wallet,usr_000065,,USDT,TRON,clean,2025-12-12T17:11:56
wal_000194,user_wallet,usr_000065,,BTC,BTC,clean,2025-12-11T13:12:00
wal_000195,user_wallet,usr_000065,,ETH,ETH,clean,2025-11-09T07:47:54
wal_000196,user_wallet,usr_000066,,USDT,TRON,clean,2025-12-15T15:01:13
wal_000197,user_wallet,usr_000066,,BTC,BTC,clean,2025-12-08T20:04:09
wal_000198,user_wallet,usr_000066,,ETH,ETH,clean,2025-11-19T20:24:40
wal_000199,user_wallet,usr_000067,,USDT,TRON,clean,2025-11-21T12:20:12
wal_000200,user_wallet,usr_000067,,BTC,BTC,clean,2025-11-14T15:20:49
wal_000201,user_wallet,usr_000067,,ETH,ETH,clean,2025-11-30T20:09:10
wal_000202,user_wallet,usr_000068,,USDT,TRON,clean,2025-12-14T18:59:48
wal_000203,user_wallet,usr_000068,,BTC,BTC,clean,2025-12-20T12:05:52
wal_000204,user_wallet,usr_000068,,ETH,ETH,clean,2025-12-23T21:06:29
wal_000205,user_wallet,usr_000069,,USDT,TRON,clean,2025-11-29T21:36:50
wal_000206,user_wallet,usr_000069,,BTC,BTC,clean,2025-11-23T12:11:42
wal_000207,user_wallet,usr_000069,,ETH,ETH,clean,2025-12-14T10:07:37
wal_000208,user_wallet,usr_000070,,USDT,TRON,clean,2025-11-10T18:23:57
wal_000209,user_wallet,usr_000070,,BTC,BTC,clean,2025-12-07T00:45:35
wal_000210,user_wallet,usr_000070,,ETH,ETH,clean,2025-12-24T00:55:18
wal_000211,user_wallet,usr_000071,,USDT,TRON,clean,2025-12-16T14:39:11
wal_000212,user_wallet,usr_000071,,BTC,BTC,clean,2025-12-01T15:52:28
wal_000213,user_wallet,usr_000071,,ETH,ETH,clean,2025-11-26T12:27:38
wal_000214,user_wallet,usr_000072,,USDT,TRON,clean,2025-11-05T22:49:00
wal_000215,user_wallet,usr_000072,,BTC,BTC,clean,2025-12-02T14:36:46
wal_000216,user_wallet,usr_000072,,ETH,ETH,clean,2025-11-23T17:18:18
wal_000217,user_wallet,usr_000073,,USDT,TRON,clean,2025-12-26T16:07:38
wal_000218,user_wallet,usr_000073,,BTC,BTC,clean,2025-11-13T23:09:42
wal_000219,user_wallet,usr_000073,,ETH,ETH,clean,2025-11-30T12:16:50
wal_000220,user_wallet,usr_000074,,USDT,TRON,clean,2025-11-16T16:24:30
wal_000221,user_wallet,usr_000074,,BTC,BTC,clean,2025-11-18T10:00:18
wal_000222,user_wallet,usr_000074,,ETH,ETH,clean,2025-12-31T21:43:20
wal_000223,user_wallet,usr_000075,,USDT,TRON,clean,2025-12-15T19:20:35
wal_000224,user_wallet,usr_000075,,BTC,BTC,clean,2025-11-02T18:00:26
wal_000225,user_wallet,usr_000075,,ETH,ETH,clean,2025-11-08T16:28:22
wal_000226,user_wallet,usr_000076,,USDT,TRON,clean,2025-11-20T11:40:29
wal_000227,user_wallet,usr_000076,,BTC,BTC,clean,2025-12-31T03:44:57
wal_000228,user_wallet,usr_000076,,ETH,ETH,clean,2025-12-14T20:16:10
wal_000229,user_wallet,usr_000077,,USDT,TRON,clean,2025-11-27T18:34:14
wal_000230,user_wallet,usr_000077,,BTC,BTC,clean,2025-11-02T16:52:49
wal_000231,user_wallet,usr_000077,,ETH,ETH,clean,2025-12-02T09:21:43
wal_000232,user_wallet,usr_000078,,USDT,TRON,clean,2025-12-18T07:13:51
wal_000233,user_wallet,usr_000078,,BTC,BTC,clean,2025-12-13T21:43:55
wal_000234,user_wallet,usr_000078,,ETH,ETH,clean,2025-12-27T16:37:14
wal_000235,user_wallet,usr_000079,,USDT,TRON,clean,2025-11-14T17:53:47
wal_000236,user_wallet,usr_000079,,BTC,BTC,clean,2025-12-15T11:43:36
wal_000237,user_wallet,usr_000079,,ETH,ETH,clean,2025-12-06T08:48:02
wal_000238,user_wallet,usr_000080,,USDT,TRON,clean,2025-11-28T12:39:44
wal_000239,user_wallet,usr_000080,,BTC,BTC,clean,2025-11-04T16:31:39
wal_000240,user_wallet,usr_000080,,ETH,ETH,clean,2026-01-01T09:22:26
wal_000241,user_wallet,usr_000081,,USDT,TRON,clean,2025-11-04T09:18:13
wal_000242,user_wallet,usr_000081,,BTC,BTC,clean,2025-11-29T15:51:56
wal_000243,user_wallet,usr_000081,,ETH,ETH,clean,2025-12-20T11:47:03
wal_000244,user_wallet,usr_000082,,USDT,TRON,clean,2025-11-06T14:03:56
wal_000245,user_wallet,usr_000082,,BTC,BTC,clean,2025-11-29T10:11:24
wal_000246,user_wallet,usr_000082,,ETH,ETH,clean,2025-11-25T08:40:22
wal_000247,user_wallet,usr_000083,,USDT,TRON,clean,2025-12-29T19:58:36
wal_000248,user_wallet,usr_000083,,BTC,BTC,clean,2025-12-29T07:02:30
wal_000249,user_wallet,usr_000083,,ETH,ETH,clean,2025-12-18T18:27:33
wal_000250,user_wallet,usr_000084,,USDT,TRON,clean,2025-12-19T14:29:49
wal_000251,user_wallet,usr_000084,,BTC,BTC,clean,2025-11-10T21:11:50
wal_000252,user_wallet,usr_000084,,ETH,ETH,clean,2025-12-27T14:45:40
wal_000253,user_wallet,usr_000085,,USDT,TRON,clean,2025-11-09T14:39:02
wal_000254,user_wallet,usr_000085,,BTC,BTC,clean,2025-11-25T16:35:45
wal_000255,user_wallet,usr_000085,,ETH,ETH,clean,2025-11-06T17:13:08
wal_000256,user_wallet,usr_000086,,USDT,TRON,clean,2025-11-27T20:04:06
wal_000257,user_wallet,usr_000086,,BTC,BTC,clean,2025-11-12T16:09:31
wal_000258,user_wallet,usr_000086,,ETH,ETH,clean,2025-11-11T22:40:01
wal_000259,user_wallet,usr_000087,,USDT,TRON,clean,2025-11-12T20:11:11
wal_000260,user_wallet,usr_000087,,BTC,BTC,clean,2025-12-25T23:50:09
wal_000261,user_wallet,usr_000087,,ETH,ETH,clean,2025-11-12T11:20:36
wal_000262,user_wallet,usr_000088,,USDT,TRON,clean,2025-11-16T11:20:03
wal_000263,user_wallet,usr_000088,,BTC,BTC,clean,2025-12-10T15:33:14
wal_000264,user_wallet,usr_000088,,ETH,ETH,clean,2025-12-22T02:12:01
wal_000265,user_wallet,usr_000089,,USDT,TRON,clean,2025-11-29T21:08:53
wal_000266,user_wallet,usr_000089,,BTC,BTC,clean,2025-12-09T12:13:19
wal_000267,user_wallet,usr_000089,,ETH,ETH,clean,2025-12-02T04:21:04
wal_000268,user_wallet,usr_000090,,USDT,TRON,clean,2025-11-18T14:44:52
wal_000269,user_wallet,usr_000090,,BTC,BTC,clean,2025-11-09T16:36:01
wal_000270,user_wallet,usr_000090,,ETH,ETH,clean,2025-12-26T15:03:09
wal_000271,user_wallet,usr_000091,,USDT,TRON,clean,2025-12-25T15:39:44
wal_000272,user_wallet,usr_000091,,BTC,BTC,clean,2025-12-25T04:45:35
wal_000273,user_wallet,usr_000091,,ETH,ETH,clean,2025-12-16T18:26:29
wal_000274,user_wallet,usr_000092,,USDT,TRON,clean,2025-12-04T14:07:58
wal_000275,user_wallet,usr_000092,,BTC,BTC,clean,2025-11-18T09:42:00
wal_000276,user_wallet,usr_000092,,ETH,ETH,clean,2025-12-20T07:58:38
wal_000277,user_wallet,usr_000093,,USDT,TRON,clean,2025-12-25T14:27:13
wal_000278,user_wallet,usr_000093,,BTC,BTC,clean,2025-12-04T11:48:20
wal_000279,user_wallet,usr_000093,,ETH,ETH,clean,2025-11-09T15:08:31
wal_000280,user_wallet,usr_000094,,USDT,TRON,clean,2025-12-25T14:17:48
wal_000281,user_wallet,usr_000094,,BTC,BTC,clean,2025-12-17T22:17:48
wal_000282,user_wallet,usr_000094,,ETH,ETH,clean,2025-12-22T21:22:30
wal_000283,user_wallet,usr_000095,,USDT,TRON,clean,2025-11-04T09:56:45
wal_000284,user_wallet,usr_000095,,BTC,BTC,clean,2025-11-12T12:19:45
wal_000285,user_wallet,usr_000095,,ETH,ETH,clean,2025-11-26T11:36:43
wal_000286,user_wallet,usr_000096,,USDT,TRON,clean,2025-12-20T19:39:19
wal_000287,user_wallet,usr_000096,,BTC,BTC,clean,2025-11-25T01:31:40
wal_000288,user_wallet,usr_000096,,ETH,ETH,clean,2025-12-26T00:53:54
wal_000289,user_wallet,usr_000097,,USDT,TRON,clean,2025-11-03T15:55:11
wal_000290,user_wallet,usr_000097,,BTC,BTC,clean,2025-12-08T16:52:47
wal_000291,user_wallet,usr_000097,,ETH,ETH,clean,2026-01-01T16:34:51
wal_000292,user_wallet,usr_000098,,USDT,TRON,clean,2025-11-04T13:08:01
wal_000293,user_wallet,usr_000098,,BTC,BTC,clean,2025-11-18T20:42:35
wal_000294,user_wallet,usr_000098,,ETH,ETH,clean,2025-11-13T11:46:31
wal_000295,user_wallet,usr_000099,,USDT,TRON,clean,2025-12-28T07:49:51
wal_000296,user_wallet,usr_000099,,BTC,BTC,clean,2025-11-22T15:47:24
wal_000297,user_wallet,usr_000099,,ETH,ETH,clean,2025-12-23T19:59:27
wal_000298,user_wallet,usr_000100,,USDT,TRON,clean,2025-11-21T07:53:47
wal_000299,user_wallet,usr_000100,,BTC,BTC,clean,2025-12-14T18:44:58
wal_000300,user_wallet,usr_000100,,ETH,ETH,clean,2025-12-22T20:35:24
wal_000301,user_wallet,usr_000101,,USDT,TRON,clean,2025-12-20T08:40:28
wal_000302,user_wallet,usr_000101,,BTC,BTC,clean,2025-12-22T11:25:12
wal_000303,user_wallet,usr_000101,,ETH,ETH,clean,2025-12-12T15:05:07
wal_000304,user_wallet,usr_000102,,USDT,TRON,clean,2025-12-28T17:56:36
wal_000305,user_wallet,usr_000102,,BTC,BTC,clean,2025-11-16T07:59:35
wal_000306,user_wallet,usr_000102,,ETH,ETH,clean,2025-12-13T12:58:05
wal_000307,user_wallet,usr_000103,,USDT,TRON,clean,2025-11-11T09:15:39
wal_000308,user_wallet,usr_000103,,BTC,BTC,clean,2025-11-30T20:37:43
wal_000309,user_wallet,usr_000103,,ETH,ETH,clean,2025-12-13T11:30:08
wal_000310,user_wallet,usr_000104,,USDT,TRON,clean,2025-11-11T08:02:30
wal_000311,user_wallet,usr_000104,,BTC,BTC,clean,2025-11-18T10:27:07
wal_000312,user_wallet,usr_000104,,ETH,ETH,clean,2025-12-29T18:28:22
wal_000313,user_wallet,usr_000105,,USDT,TRON,clean,2025-12-14T07:41:39
wal_000314,user_wallet,usr_000105,,BTC,BTC,clean,2026-01-01T16:46:58
wal_000315,user_wallet,usr_000105,,ETH,ETH,clean,2026-01-01T23:59:00
wal_000316,user_wallet,usr_000106,,USDT,TRON,clean,2025-12-03T14:30:17
wal_000317,user_wallet,usr_000106,,BTC,BTC,clean,2025-12-08T11:48:27
wal_000318,user_wallet,usr_000106,,ETH,ETH,clean,2025-12-23T12:27:40
wal_000319,user_wallet,usr_000107,,USDT,TRON,clean,2025-12-18T13:22:16
wal_000320,user_wallet,usr_000107,,BTC,BTC,clean,2025-12-09T07:07:47
wal_000321,user_wallet,usr_000107,,ETH,ETH,clean,2025-12-14T17:11:53
wal_000322,user_wallet,usr_000108,,USDT,TRON,clean,2025-12-16T23:43:25
wal_000323,user_wallet,usr_000108,,BTC,BTC,clean,2025-12-23T12:08:00
wal_000324,user_wallet,usr_000108,,ETH,ETH,clean,2025-11-14T07:44:12
wal_000325,user_wallet,usr_000109,,USDT,TRON,clean,2025-11-30T12:18:36
wal_000326,user_wallet,usr_000109,,BTC,BTC,clean,2025-12-25T18:21:00
wal_000327,user_wallet,usr_000109,,ETH,ETH,clean,2025-11-08T16:27:26
wal_000328,user_wallet,usr_000110,,USDT,TRON,clean,2025-12-16T12:18:46
wal_000329,user_wallet,usr_000110,,BTC,BTC,clean,2025-11-14T14:14:32
wal_000330,user_wallet,usr_000110,,ETH,ETH,clean,2025-11-16T16:21:58
wal_000331,user_wallet,usr_000111,,USDT,TRON,clean,2025-11-10T08:28:26
wal_000332,user_wallet,usr_000111,,BTC,BTC,clean,2025-12-21T19:53:51
wal_000333,user_wallet,usr_000111,,ETH,ETH,clean,2025-12-02T15:10:05
wal_000334,user_wallet,usr_000112,,USDT,TRON,clean,2026-01-01T09:20:25
wal_000335,user_wallet,usr_000112,,BTC,BTC,clean,2025-12-21T07:25:48
wal_000336,user_wallet,usr_000112,,ETH,ETH,clean,2025-11-04T23:09:57
wal_000337,user_wallet,usr_000113,,USDT,TRON,clean,2025-12-18T19:33:34
wal_000338,user_wallet,usr_000113,,BTC,BTC,clean,2025-11-20T15:35:19
wal_000339,user_wallet,usr_000113,,ETH,ETH,clean,2025-12-05T16:10:01
wal_000340,user_wallet,usr_000114,,USDT,TRON,clean,2025-12-29T04:54:38
wal_000341,user_wallet,usr_000114,,BTC,BTC,clean,2025-11-16T13:42:50
wal_000342,user_wallet,usr_000114,,ETH,ETH,clean,2025-12-24T23:08:45
wal_000343,user_wallet,usr_000115,,USDT,TRON,clean,2025-12-01T07:44:13
wal_000344,user_wallet,usr_000115,,BTC,BTC,clean,2025-12-01T16:10:35
wal_000345,user_wallet,usr_000115,,ETH,ETH,clean,2025-11-25T18:38:54
wal_000346,user_wallet,usr_000116,,USDT,TRON,clean,2025-11-09T11:55:02
wal_000347,user_wallet,usr_000116,,BTC,BTC,clean,2025-11-28T13:36:28
wal_000348,user_wallet,usr_000116,,ETH,ETH,clean,2025-12-29T14:30:53
wal_000349,user_wallet,usr_000117,,USDT,TRON,clean,2025-11-03T17:49:45
wal_000350,user_wallet,usr_000117,,BTC,BTC,clean,2025-11-21T11:41:35
wal_000351,user_wallet,usr_000117,,ETH,ETH,clean,2025-11-07T15:34:36
wal_000352,user_wallet,usr_000118,,USDT,TRON,clean,2025-11-13T17:33:20
wal_000353,user_wallet,usr_000118,,BTC,BTC,clean,2025-11-26T11:06:34
wal_000354,user_wallet,usr_000118,,ETH,ETH,clean,2025-11-12T12:16:49
wal_000355,user_wallet,usr_000119,,USDT,TRON,clean,2025-11-17T17:32:24
wal_000356,user_wallet,usr_000119,,BTC,BTC,clean,2026-01-01T07:20:29
wal_000357,user_wallet,usr_000119,,ETH,ETH,clean,2025-12-07T14:01:26
wal_000358,user_wallet,usr_000120,,USDT,TRON,clean,2025-11-02T22:18:41
wal_000359,user_wallet,usr_000120,,BTC,BTC,clean,2025-11-12T10:17:38
wal_000360,user_wallet,usr_000120,,ETH,ETH,clean,2025-11-18T21:22:53
wal_000361,user_wallet,usr_000121,,USDT,TRON,clean,2025-11-15T15:21:01
wal_000362,user_wallet,usr_000121,,BTC,BTC,clean,2025-12-30T23:59:00
wal_000363,user_wallet,usr_000121,,ETH,ETH,clean,2025-12-10T11:43:11
wal_000364,user_wallet,usr_000122,,USDT,TRON,clean,2025-11-09T22:32:31
wal_000365,user_wallet,usr_000122,,BTC,BTC,clean,2025-11-12T16:47:36
wal_000366,user_wallet,usr_000122,,ETH,ETH,clean,2025-12-15T22:11:04
wal_000367,user_wallet,usr_000123,,USDT,TRON,clean,2025-12-15T14:23:33
wal_000368,user_wallet,usr_000123,,BTC,BTC,clean,2025-12-20T08:03:17
wal_000369,user_wallet,usr_000123,,ETH,ETH,clean,2025-12-30T14:20:00
wal_000370,user_wallet,usr_000124,,USDT,TRON,clean,2025-11-30T11:03:58
wal_000371,user_wallet,usr_000124,,BTC,BTC,clean,2025-11-04T17:44:04
wal_000372,user_wallet,usr_000124,,ETH,ETH,clean,2025-12-22T10:03:19
wal_000373,user_wallet,usr_000125,,USDT,TRON,clean,2025-11-18T14:46:39
wal_000374,user_wallet,usr_000125,,BTC,BTC,clean,2025-11-30T12:51:02
wal_000375,user_wallet,usr_000125,,ETH,ETH,clean,2025-11-05T10:32:41
wal_000376,user_wallet,usr_000126,,USDT,TRON,clean,2025-12-30T11:21:12
wal_000377,user_wallet,usr_000126,,BTC,BTC,clean,2025-12-14T16:29:38
wal_000378,user_wallet,usr_000126,,ETH,ETH,clean,2025-12-16T15:36:21
wal_000379,user_wallet,usr_000127,,USDT,TRON,clean,2025-11-09T10:12:40
wal_000380,user_wallet,usr_000127,,BTC,BTC,clean,2025-12-09T20:02:01
wal_000381,user_wallet,usr_000127,,ETH,ETH,clean,2025-11-14T12:14:56
wal_000382,user_wallet,usr_000128,,USDT,TRON,clean,2025-11-22T22:44:30
wal_000383,user_wallet,usr_000128,,BTC,BTC,clean,2025-12-17T03:17:37
wal_000384,user_wallet,usr_000128,,ETH,ETH,clean,2025-11-27T17:37:41
wal_000385,user_wallet,usr_000129,,USDT,TRON,clean,2025-12-13T07:18:53
wal_000386,user_wallet,usr_000129,,BTC,BTC,clean,2025-12-04T16:05:50
wal_000387,user_wallet,usr_000129,,ETH,ETH,clean,2025-11-19T18:07:04
wal_000388,user_wallet,usr_000130,,USDT,TRON,clean,2025-11-30T15:01:23
wal_000389,user_wallet,usr_000130,,BTC,BTC,clean,2025-11-10T12:19:47
wal_000390,user_wallet,usr_000130,,ETH,ETH,clean,2025-11-02T16:53:22
wal_000391,user_wallet,usr_000131,,USDT,TRON,clean,2025-12-10T12:12:04
wal_000392,user_wallet,usr_000131,,BTC,BTC,clean,2025-12-30T02:13:14
wal_000393,user_wallet,usr_000131,,ETH,ETH,clean,2025-11-20T11:29:03
wal_000394,user_wallet,usr_000132,,USDT,TRON,clean,2025-12-01T11:47:05
wal_000395,user_wallet,usr_000132,,BTC,BTC,clean,2025-11-20T14:22:44
wal_000396,user_wallet,usr_000132,,ETH,ETH,clean,2025-12-25T20:25:39
wal_000397,user_wallet,usr_000133,,USDT,TRON,clean,2025-12-30T17:35:07
wal_000398,user_wallet,usr_000133,,BTC,BTC,clean,2025-11-25T07:32:49
wal_000399,user_wallet,usr_000133,,ETH,ETH,clean,2025-12-21T14:10:16
wal_000400,user_wallet,usr_000134,,USDT,TRON,clean,2025-11-10T13:53:10
wal_000401,user_wallet,usr_000134,,BTC,BTC,clean,2025-11-12T22:06:11
wal_000402,user_wallet,usr_000134,,ETH,ETH,clean,2025-11-20T10:10:04
wal_000403,user_wallet,usr_000135,,USDT,TRON,clean,2025-11-14T18:14:56
wal_000404,user_wallet,usr_000135,,BTC,BTC,clean,2025-11-08T23:10:46
wal_000405,user_wallet,usr_000135,,ETH,ETH,clean,2025-11-12T07:52:20
wal_000406,user_wallet,usr_000136,,USDT,TRON,clean,2025-12-09T15:40:47
wal_000407,user_wallet,usr_000136,,BTC,BTC,clean,2025-11-16T16:00:14
wal_000408,user_wallet,usr_000136,,ETH,ETH,clean,2025-11-03T11:19:15
wal_000409,user_wallet,usr_000137,,USDT,TRON,clean,2025-11-26T12:28:40
wal_000410,user_wallet,usr_000137,,BTC,BTC,clean,2025-11-02T10:04:12
wal_000411,user_wallet,usr_000137,,ETH,ETH,clean,2025-11-05T12:13:08
wal_000412,user_wallet,usr_000138,,USDT,TRON,clean,2025-11-07T02:25:24
wal_000413,user_wallet,usr_000138,,BTC,BTC,clean,2025-11-12T14:32:39
wal_000414,user_wallet,usr_000138,,ETH,ETH,clean,2025-12-19T12:52:50
wal_000415,user_wallet,usr_000139,,USDT,TRON,clean,2025-12-28T07:24:59
wal_000416,user_wallet,usr_000139,,BTC,BTC,clean,2025-12-08T10:16:49
wal_000417,user_wallet,usr_000139,,ETH,ETH,clean,2025-12-30T20:32:45
wal_000418,user_wallet,usr_000140,,USDT,TRON,clean,2025-11-06T21:33:26
wal_000419,user_wallet,usr_000140,,BTC,BTC,clean,2025-12-13T14:10:11
wal_000420,user_wallet,usr_000140,,ETH,ETH,clean,2025-11-25T12:12:31
wal_000421,user_wallet,usr_000141,,USDT,TRON,clean,2025-12-03T18:00:03
wal_000422,user_wallet,usr_000141,,BTC,BTC,clean,2025-11-19T18:42:37
wal_000423,user_wallet,usr_000141,,ETH,ETH,clean,2025-12-22T00:13:33
wal_000424,user_wallet,usr_000142,,USDT,TRON,clean,2025-12-27T23:53:56
wal_000425,user_wallet,usr_000142,,BTC,BTC,clean,2025-12-31T07:55:33
wal_000426,user_wallet,usr_000142,,ETH,ETH,clean,2025-11-19T01:23:28
wal_000427,user_wallet,usr_000143,,USDT,TRON,clean,2026-01-01T11:06:27
wal_000428,user_wallet,usr_000143,,BTC,BTC,clean,2025-12-17T09:57:24
wal_000429,user_wallet,usr_000143,,ETH,ETH,clean,2025-12-21T16:16:42
wal_000430,user_wallet,usr_000144,,USDT,TRON,clean,2025-11-29T19:16:07
wal_000431,user_wallet,usr_000144,,BTC,BTC,clean,2025-11-20T07:21:47
wal_000432,user_wallet,usr_000144,,ETH,ETH,clean,2025-12-09T00:36:23
wal_000433,user_wallet,usr_000145,,USDT,TRON,clean,2025-11-21T16:07:17
wal_000434,user_wallet,usr_000145,,BTC,BTC,clean,2025-12-26T21:40:53
wal_000435,user_wallet,usr_000145,,ETH,ETH,clean,2025-11-15T16:24:03
wal_000436,user_wallet,usr_000146,,USDT,TRON,clean,2025-12-22T17:03:54
wal_000437,user_wallet,usr_000146,,BTC,BTC,clean,2025-12-31T21:41:10
wal_000438,user_wallet,usr_000146,,ETH,ETH,clean,2025-12-08T10:18:57
wal_000439,user_wallet,usr_000147,,USDT,TRON,clean,2025-11-11T14:15:02
wal_000440,user_wallet,usr_000147,,BTC,BTC,clean,2025-11-09T14:19:44
wal_000441,user_wallet,usr_000147,,ETH,ETH,clean,2025-12-10T03:49:44
wal_000442,user_wallet,usr_000148,,USDT,TRON,clean,2025-11-27T15:50:51
wal_000443,user_wallet,usr_000148,,BTC,BTC,clean,2025-12-05T15:53:37
wal_000444,user_wallet,usr_000148,,ETH,ETH,clean,2025-12-06T23:07:48
wal_000445,user_wallet,usr_000149,,USDT,TRON,clean,2025-11-02T11:33:57
wal_000446,user_wallet,usr_000149,,BTC,BTC,clean,2025-12-22T15:28:08
wal_000447,user_wallet,usr_000149,,ETH,ETH,clean,2025-12-08T13:33:58
wal_000448,user_wallet,usr_000150,,USDT,TRON,clean,2025-12-13T13:36:42
wal_000449,user_wallet,usr_000150,,BTC,BTC,clean,2025-12-13T22:10:26
wal_000450,user_wallet,usr_000150,,ETH,ETH,clean,2025-12-24T10:24:01
wal_000451,user_wallet,usr_000151,,USDT,TRON,clean,2025-12-18T22:52:51
wal_000452,user_wallet,usr_000151,,BTC,BTC,clean,2025-12-03T09:44:36
wal_000453,user_wallet,usr_000151,,ETH,ETH,clean,2025-12-27T13:38:06
wal_000454,user_wallet,usr_000152,,USDT,TRON,clean,2026-01-01T19:19:40
wal_000455,user_wallet,usr_000152,,BTC,BTC,clean,2025-12-26T09:26:49
wal_000456,user_wallet,usr_000152,,ETH,ETH,clean,2025-11-22T23:05:04
wal_000457,user_wallet,usr_000153,,USDT,TRON,clean,2025-11-24T16:42:58
wal_000458,user_wallet,usr_000153,,BTC,BTC,clean,2025-12-24T04:43:38
wal_000459,user_wallet,usr_000153,,ETH,ETH,clean,2025-11-04T12:43:59
wal_000460,user_wallet,usr_000154,,USDT,TRON,clean,2025-12-31T16:32:52
wal_000461,user_wallet,usr_000154,,BTC,BTC,clean,2025-12-29T10:57:39
wal_000462,user_wallet,usr_000154,,ETH,ETH,clean,2025-12-26T13:00:39
wal_000463,user_wallet,usr_000155,,USDT,TRON,clean,2025-12-19T11:10:42
wal_000464,user_wallet,usr_000155,,BTC,BTC,clean,2025-11-14T02:07:26
wal_000465,user_wallet,usr_000155,,ETH,ETH,clean,2025-12-03T17:43:45
wal_000466,user_wallet,usr_000156,,USDT,TRON,clean,2025-11-18T01:42:52
wal_000467,user_wallet,usr_000156,,BTC,BTC,clean,2025-11-29T16:50:51
wal_000468,user_wallet,usr_000156,,ETH,ETH,clean,2025-11-08T22:39:11
wal_000469,user_wallet,usr_000157,,USDT,TRON,clean,2025-11-05T13:23:17
wal_000470,user_wallet,usr_000157,,BTC,BTC,clean,2026-01-01T14:15:20
wal_000471,user_wallet,usr_000157,,ETH,ETH,clean,2025-12-29T07:00:03
wal_000472,user_wallet,usr_000158,,USDT,TRON,clean,2025-11-19T14:05:56
wal_000473,user_wallet,usr_000158,,BTC,BTC,clean,2025-11-08T07:02:37
wal_000474,user_wallet,usr_000158,,ETH,ETH,clean,2026-01-01T23:59:00
wal_000475,user_wallet,usr_000159,,USDT,TRON,clean,2025-11-20T07:50:44
wal_000476,user_wallet,usr_000159,,BTC,BTC,clean,2025-11-14T21:31:43
wal_000477,user_wallet,usr_000159,,ETH,ETH,clean,2025-12-06T18:10:28
wal_000478,user_wallet,usr_000160,,USDT,TRON,clean,2025-11-10T15:18:20
wal_000479,user_wallet,usr_000160,,BTC,BTC,clean,2025-11-05T11:52:22
wal_000480,user_wallet,usr_000160,,ETH,ETH,clean,2025-11-16T20:11:16
wal_000481,user_wallet,usr_000161,,USDT,TRON,clean,2025-11-25T10:05:31
wal_000482,user_wallet,usr_000161,,BTC,BTC,clean,2025-11-13T17:55:11
wal_000483,user_wallet,usr_000161,,ETH,ETH,clean,2025-11-14T16:11:41
wal_000484,user_wallet,usr_000162,,USDT,TRON,clean,2025-12-06T20:54:45
wal_000485,user_wallet,usr_000162,,BTC,BTC,clean,2025-11-07T14:48:36
wal_000486,user_wallet,usr_000162,,ETH,ETH,clean,2025-12-29T12:19:21
wal_000487,user_wallet,usr_000163,,USDT,TRON,clean,2025-11-25T18:57:02
wal_000488,user_wallet,usr_000163,,BTC,BTC,clean,2025-12-10T10:33:21
wal_000489,user_wallet,usr_000163,,ETH,ETH,clean,2025-12-10T14:09:57
wal_000490,user_wallet,usr_000164,,USDT,TRON,clean,2025-12-19T08:24:46
wal_000491,user_wallet,usr_000164,,BTC,BTC,clean,2025-11-03T21:23:03
wal_000492,user_wallet,usr_000164,,ETH,ETH,clean,2025-12-16T07:30:53
wal_000493,user_wallet,usr_000165,,USDT,TRON,clean,2025-11-05T18:38:48
wal_000494,user_wallet,usr_000165,,BTC,BTC,clean,2025-11-13T11:25:53
wal_000495,user_wallet,usr_000165,,ETH,ETH,clean,2025-11-29T21:35:45
wal_000496,user_wallet,usr_000166,,USDT,TRON,clean,2025-11-14T11:15:17
wal_000497,user_wallet,usr_000166,,BTC,BTC,clean,2025-11-07T04:02:36
wal_000498,user_wallet,usr_000166,,ETH,ETH,clean,2025-12-22T11:20:05
wal_000499,user_wallet,usr_000167,,USDT,TRON,clean,2025-12-17T21:15:13
wal_000500,user_wallet,usr_000167,,BTC,BTC,clean,2025-12-11T12:36:40
wal_000501,user_wallet,usr_000167,,ETH,ETH,clean,2025-12-03T07:09:49
wal_000502,user_wallet,usr_000168,,USDT,TRON,clean,2025-12-03T09:25:26
wal_000503,user_wallet,usr_000168,,BTC,BTC,clean,2025-12-26T16:08:28
wal_000504,user_wallet,usr_000168,,ETH,ETH,clean,2025-11-25T15:20:23
wal_000505,user_wallet,usr_000169,,USDT,TRON,clean,2025-12-30T03:49:27
wal_000506,user_wallet,usr_000169,,BTC,BTC,clean,2025-11-14T11:20:21
wal_000507,user_wallet,usr_000169,,ETH,ETH,clean,2025-12-10T16:47:30
wal_000508,user_wallet,usr_000170,,USDT,TRON,clean,2025-12-12T08:04:17
wal_000509,user_wallet,usr_000170,,BTC,BTC,clean,2025-11-27T10:55:26
wal_000510,user_wallet,usr_000170,,ETH,ETH,clean,2025-12-05T13:11:53
wal_000511,user_wallet,usr_000171,,USDT,TRON,clean,2025-12-18T22:09:20
wal_000512,user_wallet,usr_000171,,BTC,BTC,clean,2025-12-14T02:00:09
wal_000513,user_wallet,usr_000171,,ETH,ETH,clean,2025-12-29T12:31:55
wal_000514,user_wallet,usr_000172,,USDT,TRON,clean,2025-12-10T10:24:18
wal_000515,user_wallet,usr_000172,,BTC,BTC,clean,2025-12-26T16:27:40
wal_000516,user_wallet,usr_000172,,ETH,ETH,clean,2025-11-20T18:05:51
wal_000517,user_wallet,usr_000173,,USDT,TRON,clean,2025-12-02T02:50:58
wal_000518,user_wallet,usr_000173,,BTC,BTC,clean,2025-12-01T17:41:45
wal_000519,user_wallet,usr_000173,,ETH,ETH,clean,2025-12-22T18:23:50
wal_000520,user_wallet,usr_000174,,USDT,TRON,clean,2025-12-12T19:01:39
wal_000521,user_wallet,usr_000174,,BTC,BTC,clean,2025-12-17T11:36:24
wal_000522,user_wallet,usr_000174,,ETH,ETH,clean,2025-11-03T19:29:40
wal_000523,user_wallet,usr_000175,,USDT,TRON,clean,2025-11-28T07:13:43
wal_000524,user_wallet,usr_000175,,BTC,BTC,clean,2025-11-28T13:40:58
wal_000525,user_wallet,usr_000175,,ETH,ETH,clean,2025-11-30T19:19:00
wal_000526,user_wallet,usr_000176,,USDT,TRON,clean,2025-11-10T16:44:08
wal_000527,user_wallet,usr_000176,,BTC,BTC,clean,2025-11-19T12:05:22
wal_000528,user_wallet,usr_000176,,ETH,ETH,clean,2025-12-17T13:29:47
wal_000529,user_wallet,usr_000177,,USDT,TRON,clean,2025-11-03T09:27:50
wal_000530,user_wallet,usr_000177,,BTC,BTC,clean,2025-11-13T11:13:42
wal_000531,user_wallet,usr_000177,,ETH,ETH,clean,2025-11-25T17:20:07
wal_000532,user_wallet,usr_000178,,USDT,TRON,clean,2025-11-29T13:12:12
wal_000533,user_wallet,usr_000178,,BTC,BTC,clean,2025-11-05T21:02:17
wal_000534,user_wallet,usr_000178,,ETH,ETH,clean,2025-11-28T10:10:38
wal_000535,user_wallet,usr_000179,,USDT,TRON,clean,2025-11-07T17:23:52
wal_000536,user_wallet,usr_000179,,BTC,BTC,clean,2025-12-29T11:59:44
wal_000537,user_wallet,usr_000179,,ETH,ETH,clean,2025-12-27T07:07:03
wal_000538,user_wallet,usr_000180,,USDT,TRON,clean,2025-12-14T13:20:49
wal_000539,user_wallet,usr_000180,,BTC,BTC,clean,2025-12-18T11:16:49
wal_000540,user_wallet,usr_000180,,ETH,ETH,clean,2025-11-20T20:35:53
wal_000541,user_wallet,usr_000181,,USDT,TRON,clean,2025-11-25T14:55:39
wal_000542,user_wallet,usr_000181,,BTC,BTC,clean,2025-12-04T14:12:04
wal_000543,user_wallet,usr_000181,,ETH,ETH,clean,2025-11-19T16:19:55
wal_000544,user_wallet,usr_000182,,USDT,TRON,clean,2025-11-30T11:03:41
wal_000545,user_wallet,usr_000182,,BTC,BTC,clean,2025-11-26T21:12:18
wal_000546,user_wallet,usr_000182,,ETH,ETH,clean,2025-11-14T15:17:33
wal_000547,user_wallet,usr_000183,,USDT,TRON,clean,2025-12-02T07:36:43
wal_000548,user_wallet,usr_000183,,BTC,BTC,clean,2025-11-20T22:32:10
wal_000549,user_wallet,usr_000183,,ETH,ETH,clean,2025-12-20T07:06:19
wal_000550,user_wallet,usr_000184,,USDT,TRON,clean,2025-11-13T16:22:56
wal_000551,user_wallet,usr_000184,,BTC,BTC,clean,2025-11-23T14:17:19
wal_000552,user_wallet,usr_000184,,ETH,ETH,clean,2025-11-14T09:53:39
wal_000553,user_wallet,usr_000185,,USDT,TRON,clean,2025-11-24T22:42:49
wal_000554,user_wallet,usr_000185,,BTC,BTC,clean,2025-12-07T07:45:17
wal_000555,user_wallet,usr_000185,,ETH,ETH,clean,2025-11-11T01:27:37
wal_000556,user_wallet,usr_000186,,USDT,TRON,clean,2025-12-05T13:32:59
wal_000557,user_wallet,usr_000186,,BTC,BTC,clean,2025-12-15T21:22:27
wal_000558,user_wallet,usr_000186,,ETH,ETH,clean,2025-12-01T14:29:01
wal_000559,user_wallet,usr_000187,,USDT,TRON,clean,2025-11-21T18:51:31
wal_000560,user_wallet,usr_000187,,BTC,BTC,clean,2025-12-11T18:04:00
wal_000561,user_wallet,usr_000187,,ETH,ETH,clean,2025-11-11T11:33:06
wal_000562,user_wallet,usr_000188,,USDT,TRON,clean,2025-11-26T18:29:26
wal_000563,user_wallet,usr_000188,,BTC,BTC,clean,2025-12-24T11:18:29
wal_000564,user_wallet,usr_000188,,ETH,ETH,clean,2025-11-09T11:37:19
wal_000565,user_wallet,usr_000189,,USDT,TRON,clean,2025-12-14T10:20:48
wal_000566,user_wallet,usr_000189,,BTC,BTC,clean,2025-11-16T01:06:57
wal_000567,user_wallet,usr_000189,,ETH,ETH,clean,2025-12-28T10:48:26
wal_000568,user_wallet,usr_000190,,USDT,TRON,clean,2025-11-04T18:23:49
wal_000569,user_wallet,usr_000190,,BTC,BTC,clean,2025-11-28T17:04:21
wal_000570,user_wallet,usr_000190,,ETH,ETH,clean,2025-11-13T23:41:33
wal_000571,user_wallet,usr_000191,,USDT,TRON,clean,2025-11-17T22:32:19
wal_000572,user_wallet,usr_000191,,BTC,BTC,clean,2025-11-27T15:44:57
wal_000573,user_wallet,usr_000191,,ETH,ETH,clean,2025-11-09T13:41:01
wal_000574,user_wallet,usr_000192,,USDT,TRON,clean,2025-12-13T14:19:50
wal_000575,user_wallet,usr_000192,,BTC,BTC,clean,2025-12-26T19:01:59
wal_000576,user_wallet,usr_000192,,ETH,ETH,clean,2025-11-05T08:34:38
wal_000577,user_wallet,usr_000193,,USDT,TRON,clean,2025-12-10T12:18:08
wal_000578,user_wallet,usr_000193,,BTC,BTC,clean,2025-12-10T16:07:42
wal_000579,user_wallet,usr_000193,,ETH,ETH,clean,2025-11-06T08:31:45
wal_000580,user_wallet,usr_000194,,USDT,TRON,clean,2025-11-16T15:13:07
wal_000581,user_wallet,usr_000194,,BTC,BTC,clean,2025-11-25T19:02:15
wal_000582,user_wallet,usr_000194,,ETH,ETH,clean,2025-12-16T17:29:07
wal_000583,user_wallet,usr_000195,,USDT,TRON,clean,2025-12-09T11:21:46
wal_000584,user_wallet,usr_000195,,BTC,BTC,clean,2025-12-25T17:27:50
wal_000585,user_wallet,usr_000195,,ETH,ETH,clean,2025-12-18T18:51:06
wal_000586,user_wallet,usr_000196,,USDT,TRON,clean,2025-12-12T19:26:03
wal_000587,user_wallet,usr_000196,,BTC,BTC,clean,2025-12-09T02:57:39
wal_000588,user_wallet,usr_000196,,ETH,ETH,clean,2025-12-07T11:28:11
wal_000589,user_wallet,usr_000197,,USDT,TRON,clean,2025-12-29T14:18:39
wal_000590,user_wallet,usr_000197,,BTC,BTC,clean,2025-11-03T07:18:59
wal_000591,user_wallet,usr_000197,,ETH,ETH,clean,2025-11-11T18:06:38
wal_000592,user_wallet,usr_000198,,USDT,TRON,clean,2025-12-25T12:21:15
wal_000593,user_wallet,usr_000198,,BTC,BTC,clean,2025-12-23T20:14:29
wal_000594,user_wallet,usr_000198,,ETH,ETH,clean,2025-11-22T18:44:15
wal_000595,user_wallet,usr_000199,,USDT,TRON,clean,2025-12-25T16:10:04
wal_000596,user_wallet,usr_000199,,BTC,BTC,clean,2025-11-10T15:58:24
wal_000597,user_wallet,usr_000199,,ETH,ETH,clean,2025-12-29T12:25:44
wal_000598,user_wallet,usr_000200,,USDT,TRON,clean,2025-11-13T15:17:49
wal_000599,user_wallet,usr_000200,,BTC,BTC,clean,2025-11-08T14:21:03
wal_000600,user_wallet,usr_000200,,ETH,ETH,clean,2025-12-08T15:37:32
wal_000601,external_cluster,,cluster_blVvYAZQ,USDT,TRON,clean,2025-12-13T22:02:34
wal_000602,external_cluster,,cluster_ZprkYSgy,USDT,TRON,clean,2025-11-15T17:01:21
wal_000603,external_cluster,,cluster_EomDwtYo,BTC,BTC,clean,2025-12-27T11:15:14
wal_000604,external_cluster,,cluster_QmzvreXr,USDT,TRON,clean,2025-12-03T18:48:26
wal_000605,external_cluster,,cluster_GzRIvbhq,USDT,TRON,clean,2025-12-01T14:43:21
wal_000606,external_cluster,,cluster_qcgMBwUY,USDT,TRON,clean,2025-12-05T17:25:45
wal_000607,external_cluster,,cluster_MGhyKmqc,BTC,BTC,clean,2025-11-25T22:19:28
wal_000608,external_cluster,,cluster_aHZIRUVV,ETH,ETH,clean,2025-12-15T15:21:15
wal_000609,external_cluster,,cluster_xBeQvNuQ,ETH,ETH,clean,2025-12-27T15:20:39
wal_000610,external_cluster,,cluster_UtGtQAuz,USDT,TRON,clean,2025-11-23T19:14:40
wal_000611,external_cluster,,cluster_JimAQyRV,BTC,BTC,clean,2025-11-26T20:34:54
wal_000612,external_cluster,,cluster_NKtzJats,BTC,BTC,clean,2025-11-15T18:19:45
wal_000613,external_cluster,,cluster_YLMPuDCC,USDT,TRON,clean,2025-11-07T14:58:30
wal_000614,external_cluster,,cluster_GEYYVkQf,USDT,TRON,clean,2025-12-08T14:53:16
wal_000615,external_cluster,,cluster_QONvfWpR,ETH,ETH,clean,2025-12-17T04:48:31
wal_000616,external_cluster,,cluster_ZmjbcpEN,ETH,ETH,clean,2025-11-09T19:18:49
wal_000617,external_cluster,,cluster_eDAOKmTS,USDT,TRON,clean,2025-11-29T17:15:50
wal_000618,external_cluster,,cluster_zpjPSaWX,ETH,ETH,clean,2025-11-30T21:31:13
wal_000619,external_cluster,,cluster_XBolZSHD,BTC,BTC,clean,2025-12-02T00:47:03
wal_000620,external_cluster,,cluster_phDiZDQH,USDT,TRON,clean,2025-12-09T15:51:49
wal_000621,external_cluster,,cluster_MuWCNUGB,USDT,TRON,clean,2025-12-25T16:18:24
wal_000622,external_cluster,,cluster_JCkVECqW,USDT,TRON,clean,2025-12-19T12:12:30
wal_000623,external_cluster,,cluster_OrXXHFOp,USDT,TRON,clean,2025-11-11T23:27:58
wal_000624,external_cluster,,cluster_eTsprvuI,USDT,TRON,clean,2025-12-11T20:00:11
wal_000625,external_cluster,,cluster_joySjTne,USDT,TRON,clean,2025-12-07T21:15:18
wal_000626,external_cluster,,cluster_vIDAdnAy,USDT,TRON,clean,2025-11-20T07:16:30
wal_000627,external_cluster,,cluster_LSbWKyEa,USDT,TRON,clean,2025-11-28T15:34:48
wal_000628,external_cluster,,cluster_tWyAIVVI,USDT,TRON,clean,2025-11-14T18:23:12
wal_000629,external_cluster,,cluster_oForBFby,ETH,ETH,clean,2025-12-23T11:26:38
wal_000630,external_cluster,,cluster_RZzUkDiN,ETH,ETH,clean,2025-11-15T03:49:59
wal_000631,external_cluster,,cluster_zLKQbfPB,USDT,TRON,clean,2025-12-08T17:15:47
wal_000632,external_cluster,,cluster_DldqyunD,BTC,BTC,clean,2025-12-23T10:30:57
wal_000633,external_cluster,,cluster_WyrWAqfE,ETH,ETH,clean,2025-11-02T12:21:44
wal_000634,external_cluster,,cluster_IdwoPeXP,USDT,TRON,clean,2025-11-20T20:16:05
wal_000635,external_cluster,,cluster_bpmbNjpi,BTC,BTC,clean,2025-12-24T11:16:38
wal_000636,external_cluster,,cluster_hKnDSqXx,USDT,TRON,clean,2025-11-14T19:28:15
wal_000637,external_cluster,,cluster_MVThXktg,USDT,TRON,clean,2025-11-14T13:09:20
wal_000638,external_cluster,,cluster_tKRyzTme,USDT,TRON,clean,2025-12-06T11:55:44
wal_000639,external_cluster,,cluster_OpgSXtRM,USDT,TRON,clean,2025-11-08T13:34:52
wal_000640,external_cluster,,cluster_YKYcwIBQ,ETH,ETH,clean,2025-12-05T23:58:39
wal_000641,external_cluster,,cluster_GPvaAFgB,ETH,ETH,clean,2026-01-01T23:59:00
wal_000642,external_cluster,,cluster_ODTjBlUH,USDT,TRON,clean,2025-11-18T07:05:19
wal_000643,external_cluster,,cluster_rNZIXEDB,USDT,TRON,clean,2025-12-14T14:09:17
wal_000644,external_cluster,,cluster_LrupfrCp,ETH,ETH,clean,2025-11-10T17:03:41
wal_000645,external_cluster,,cluster_KNQyvbFu,USDT,TRON,clean,2025-11-29T09:41:52
wal_000646,external_cluster,,cluster_nwZqvrMS,USDT,TRON,clean,2025-11-08T09:55:17
wal_000647,external_cluster,,cluster_JaHmfpUA,USDT,TRON,clean,2025-11-13T14:37:22
wal_000648,external_cluster,,cluster_WpSEPTFC,USDT,TRON,clean,2025-11-29T00:08:37
wal_000649,external_cluster,,cluster_fsozSptQ,USDT,TRON,clean,2025-11-18T15:17:33
wal_000650,external_cluster,,cluster_EJHwBVJv,BTC,BTC,clean,2025-12-17T18:10:13
wal_000651,external_cluster,,cluster_DrtqohUm,USDT,TRON,clean,2025-11-13T12:58:02
wal_000652,external_cluster,,cluster_VIWSlmnV,BTC,BTC,clean,2025-12-05T23:55:51
wal_000653,external_cluster,,cluster_ULWHMsgm,USDT,TRON,clean,2025-11-03T14:56:00
wal_000654,external_cluster,,cluster_xltaTIir,USDT,TRON,clean,2025-11-09T10:10:58
wal_000655,external_cluster,,cluster_dJsSiOWF,ETH,ETH,clean,2025-12-11T15:52:42
wal_000656,external_cluster,,cluster_aKsEECvl,USDT,TRON,clean,2025-12-20T21:34:55
wal_000657,external_cluster,,cluster_qEhezFeK,USDT,TRON,clean,2025-11-28T13:16:39
wal_000658,external_cluster,,cluster_djjZKtfp,BTC,BTC,clean,2025-12-01T11:10:23
wal_000659,external_cluster,,cluster_WAMMYNoX,BTC,BTC,clean,2026-01-01T15:57:48
wal_000660,external_cluster,,cluster_CCtLBtKN,USDT,TRON,clean,2025-12-12T13:58:17
wal_000661,external_cluster,,cluster_VgWnOnqQ,USDT,TRON,clean,2025-12-26T23:37:01
wal_000662,external_cluster,,cluster_plJekaAC,USDT,TRON,clean,2025-12-02T12:53:27
wal_000663,external_cluster,,cluster_EscosTsS,USDT,TRON,clean,2025-12-07T15:57:06
wal_000664,external_cluster,,cluster_eRoqYYOL,USDT,TRON,clean,2026-01-01T23:59:00
wal_000665,external_cluster,,cluster_mBhIoPjr,USDT,TRON,clean,2025-11-08T12:38:49
wal_000666,external_cluster,,cluster_edkYtMVK,ETH,ETH,clean,2025-12-18T20:00:00
wal_000667,external_cluster,,cluster_ChDStSzr,USDT,TRON,clean,2025-11-05T09:54:05
wal_000668,external_cluster,,cluster_FCfMcBVu,BTC,BTC,clean,2025-12-06T20:53:30
wal_000669,external_cluster,,cluster_bfoRKLbW,ETH,ETH,clean,2025-12-03T14:03:54
wal_000670,external_cluster,,cluster_rKcWWlEH,USDT,TRON,clean,2025-11-18T07:18:09
wal_000671,external_cluster,,cluster_rlLBOFfE,USDT,TRON,clean,2025-11-26T11:28:41
wal_000672,external_cluster,,cluster_vuQgkvAS,USDT,TRON,clean,2025-11-16T15:30:09
wal_000673,external_cluster,,cluster_QzWJcDfu,USDT,TRON,clean,2025-12-13T21:26:47
wal_000674,external_cluster,,cluster_hXzGaQID,USDT,TRON,clean,2025-11-05T13:59:21
wal_000675,external_cluster,,cluster_mHxNWFOC,BTC,BTC,clean,2025-12-08T17:22:34
wal_000676,external_cluster,,cluster_nrJisCSF,USDT,TRON,clean,2025-11-14T07:20:58
wal_000677,external_cluster,,cluster_OMZpTktJ,USDT,TRON,clean,2025-11-03T11:52:18
wal_000678,external_cluster,,cluster_AfohDhPj,USDT,TRON,clean,2025-11-04T18:40:34
wal_000679,external_cluster,,cluster_TsGTrAEE,USDT,TRON,clean,2025-11-06T21:05:13
wal_000680,external_cluster,,cluster_JjymMGVi,USDT,TRON,clean,2025-12-12T07:01:26
wal_000681,external_cluster,,cluster_rXYAvYGr,ETH,ETH,clean,2025-12-25T13:48:42
wal_000682,external_cluster,,cluster_sUtLLQFj,ETH,ETH,clean,2025-11-20T14:43:54
wal_000683,external_cluster,,cluster_EwvJWIyD,ETH,ETH,clean,2025-11-28T09:44:36
wal_000684,external_cluster,,cluster_mSpKyoXA,ETH,ETH,clean,2025-12-25T04:34:46
wal_000685,external_cluster,,cluster_VETZyyQY,USDT,TRON,clean,2025-12-03T22:59:47
wal_000686,external_cluster,,cluster_jFciGLvg,BTC,BTC,clean,2025-12-16T18:09:33
wal_000687,external_cluster,,cluster_CgHDaUjA,BTC,BTC,clean,2025-12-23T09:23:17
wal_000688,external_cluster,,cluster_jeEYqvNS,ETH,ETH,clean,2025-12-15T21:49:11
wal_000689,external_cluster,,cluster_fvRIyuOT,BTC,BTC,clean,2025-12-03T07:28:20
wal_000690,external_cluster,,cluster_FIcNepOR,USDT,TRON,clean,2025-11-02T13:39:01
wal_000691,external_cluster,,cluster_oVfBgWOT,ETH,ETH,clean,2025-11-06T15:46:04
wal_000692,external_cluster,,cluster_CkStbcuY,USDT,TRON,clean,2025-12-02T23:09:53
wal_000693,external_cluster,,cluster_wxBjpHAK,USDT,TRON,clean,2025-12-14T23:23:16
wal_000694,external_cluster,,cluster_lklfNyNR,USDT,TRON,clean,2025-11-27T17:06:43
wal_000695,external_cluster,,cluster_LjoDOqDq,USDT,TRON,clean,2025-11-08T15:48:57
wal_000696,external_cluster,,cluster_ZDsRIkeC,USDT,TRON,clean,2025-12-21T13:43:17
wal_000697,external_cluster,,cluster_LtOBSqDt,BTC,BTC,clean,2025-12-08T21:07:13
wal_000698,external_cluster,,cluster_yEgpyKwK,USDT,TRON,clean,2025-12-07T21:02:58
wal_000699,external_cluster,,cluster_SsbQzraK,BTC,BTC,clean,2025-12-09T07:51:19
wal_000700,external_cluster,,cluster_XVdMVFsX,USDT,TRON,clean,2025-12-09T04:31:21
wal_000701,external_cluster,,cluster_MZwoOmNq,USDT,TRON,clean,2025-11-05T08:06:08
wal_000702,external_cluster,,cluster_UXQRiOgO,USDT,TRON,clean,2025-11-14T11:37:20
wal_000703,external_cluster,,cluster_tYCcLxUi,USDT,TRON,clean,2025-11-26T11:05:45
wal_000704,external_cluster,,cluster_suVAlmiY,USDT,TRON,clean,2025-11-22T19:00:15
wal_000705,external_cluster,,cluster_xHGrkqEZ,USDT,TRON,clean,2025-11-09T22:50:54
wal_000706,external_cluster,,cluster_vZhDejWo,USDT,TRON,clean,2025-11-13T12:51:38
wal_000707,external_cluster,,cluster_URzZJxfY,USDT,TRON,clean,2025-12-18T19:51:03
wal_000708,external_cluster,,cluster_qIhDxRVR,USDT,TRON,clean,2025-12-19T14:29:50
wal_000709,external_cluster,,cluster_yOxgRoEb,USDT,TRON,clean,2025-12-16T22:55:41
wal_000710,external_cluster,,cluster_JuNoPeOD,USDT,TRON,clean,2025-11-02T18:37:29
wal_000711,external_cluster,,cluster_tPAhicct,USDT,TRON,clean,2025-11-07T12:48:09
wal_000712,external_cluster,,cluster_hgpIiyDx,ETH,ETH,clean,2025-11-02T11:49:57
wal_000713,external_cluster,,cluster_VSIALVUj,USDT,TRON,clean,2025-12-22T14:50:01
wal_000714,external_cluster,,cluster_PgFNArcS,USDT,TRON,clean,2026-01-01T14:16:21
wal_000715,external_cluster,,cluster_CCpxgRxI,BTC,BTC,clean,2025-12-28T09:18:13
wal_000716,external_cluster,,cluster_PwdzrmhD,BTC,BTC,clean,2025-12-10T11:58:02
wal_000717,external_cluster,,cluster_nPOMbdYv,USDT,TRON,clean,2026-01-01T23:59:00
wal_000718,external_cluster,,cluster_iYKneWJn,USDT,TRON,clean,2025-11-25T13:46:09
wal_000719,external_cluster,,cluster_ovXjYMar,USDT,TRON,clean,2025-11-18T16:10:35
wal_000720,external_cluster,,cluster_jiIqZlhQ,USDT,TRON,clean,2026-01-01T23:59:00
wal_000721,external_cluster,,cluster_iawYYpLu,BTC,BTC,clean,2025-11-23T23:16:52
wal_000722,external_cluster,,cluster_qdiVAHhV,ETH,ETH,clean,2025-11-27T12:08:54
wal_000723,external_cluster,,cluster_CXxGLgCG,ETH,ETH,clean,2025-12-19T13:30:07
wal_000724,external_cluster,,cluster_NcUYQHtD,USDT,TRON,clean,2025-11-24T16:49:39
wal_000725,external_cluster,,cluster_bdEzBRgF,USDT,TRON,clean,2025-11-21T15:21:12
wal_000726,external_cluster,,cluster_CefuMjei,USDT,TRON,clean,2025-12-12T04:45:22
wal_000727,external_cluster,,cluster_OLJTuyMH,ETH,ETH,clean,2025-11-08T10:25:25
wal_000728,external_cluster,,cluster_GMBgYShP,USDT,TRON,clean,2025-12-16T07:28:00
wal_000729,external_cluster,,cluster_XJUnBCoA,USDT,TRON,clean,2025-11-12T23:38:19
wal_000730,external_cluster,,cluster_DzAUguBu,USDT,TRON,clean,2025-11-02T09:44:41
wal_000731,external_cluster,,cluster_xjREefff,ETH,ETH,clean,2025-12-08T21:57:41
wal_000732,external_cluster,,cluster_VVxZiJdL,ETH,ETH,clean,2026-01-01T14:44:31
wal_000733,external_cluster,,cluster_JvQhAwQW,USDT,TRON,clean,2025-12-16T19:17:41
wal_000734,external_cluster,,cluster_UdsMtwgK,USDT,TRON,clean,2025-12-04T12:02:03
wal_000735,external_cluster,,cluster_jQEogwJx,USDT,TRON,clean,2025-11-20T23:44:19
wal_000736,external_cluster,,cluster_rKoZBJXN,USDT,TRON,clean,2025-12-22T16:20:10
wal_000737,external_cluster,,cluster_PJbMQSrb,USDT,TRON,clean,2025-11-21T09:59:21
wal_000738,external_cluster,,cluster_SWtvwalj,ETH,ETH,clean,2025-12-08T15:55:53
wal_000739,external_cluster,,cluster_zejVObfV,USDT,TRON,clean,2025-11-08T23:44:15
wal_000740,external_cluster,,cluster_yADvkxtU,ETH,ETH,clean,2025-11-21T08:48:47
wal_000741,external_cluster,,cluster_KMfdjkWN,ETH,ETH,clean,2025-12-17T08:51:23
wal_000742,external_cluster,,cluster_frCQBFMC,USDT,TRON,clean,2025-12-18T13:54:55
wal_000743,external_cluster,,cluster_nWGhwBhs,USDT,TRON,clean,2025-11-08T21:54:36
wal_000744,external_cluster,,cluster_LFHQtcoz,USDT,TRON,clean,2025-11-17T11:48:42
wal_000745,external_cluster,,cluster_dantnXiW,USDT,TRON,clean,2025-12-30T00:17:00
wal_000746,external_cluster,,cluster_uhaFVBli,BTC,BTC,clean,2025-11-18T19:10:18
wal_000747,external_cluster,,cluster_ToGJQZwe,ETH,ETH,clean,2025-12-16T07:06:12
wal_000748,external_cluster,,cluster_VcBbDeuK,BTC,BTC,clean,2025-11-23T10:36:06
wal_000749,external_cluster,,cluster_zTOAshzb,BTC,BTC,clean,2025-11-16T22:20:24
wal_000750,external_cluster,,cluster_kZNDSxfB,ETH,ETH,clean,2025-12-07T23:56:59
wal_000751,external_cluster,,cluster_pBLzHfzt,USDT,TRON,clean,2025-11-23T13:36:22
wal_000752,external_cluster,,cluster_ovXkeGOh,USDT,TRON,clean,2025-11-13T14:08:14
wal_000753,external_cluster,,cluster_mXwwUPjp,USDT,TRON,clean,2025-12-10T22:52:19
wal_000754,external_cluster,,cluster_qmlMjWWP,USDT,TRON,clean,2025-12-01T20:10:47
wal_000755,external_cluster,,cluster_XOFDWKWL,USDT,TRON,clean,2026-01-01T23:59:00
wal_000756,external_cluster,,cluster_KPONuOuj,BTC,BTC,clean,2025-12-27T00:47:11
wal_000757,external_cluster,,cluster_ECOtYrLd,ETH,ETH,clean,2025-11-27T23:31:27
wal_000758,external_cluster,,cluster_etDCcdxs,ETH,ETH,clean,2025-12-10T08:02:26
wal_000759,external_cluster,,cluster_fNMGyDLJ,BTC,BTC,clean,2025-11-05T22:48:32
wal_000760,external_cluster,,cluster_VcCZKPmu,USDT,TRON,clean,2025-11-16T22:25:12
wal_000761,external_cluster,,cluster_GjdCgZvT,USDT,TRON,clean,2025-12-06T14:33:10
wal_000762,external_cluster,,cluster_PlcpTCCH,BTC,BTC,clean,2025-12-19T12:03:48
wal_000763,external_cluster,,cluster_kxxsyAXv,BTC,BTC,clean,2025-12-03T18:38:24
wal_000764,external_cluster,,cluster_dYOPvevg,ETH,ETH,clean,2025-12-08T14:23:39
wal_000765,external_cluster,,cluster_ysqUQMjv,USDT,TRON,clean,2025-12-14T12:11:43
wal_000766,external_cluster,,cluster_QjwtPSQz,ETH,ETH,clean,2025-11-22T01:23:15
wal_000767,external_cluster,,cluster_TftJyPYv,USDT,TRON,clean,2025-12-19T19:52:46
wal_000768,external_cluster,,cluster_QSVRHfPQ,USDT,TRON,clean,2025-12-02T10:34:42
wal_000769,external_cluster,,cluster_xbxtlnvX,USDT,TRON,clean,2026-01-01T13:46:54
wal_000770,external_cluster,,cluster_oijesYgG,USDT,TRON,clean,2025-11-14T09:13:58
wal_000771,external_cluster,,cluster_VHcQvXNi,USDT,TRON,clean,2025-12-29T12:08:03
wal_000772,external_cluster,,cluster_jklSXNZk,USDT,TRON,clean,2025-12-14T04:34:28
wal_000773,external_cluster,,cluster_cAxRUpCN,BTC,BTC,clean,2025-12-01T11:03:53
wal_000774,external_cluster,,cluster_VYCoIptZ,ETH,ETH,clean,2025-11-12T12:28:38
wal_000775,external_cluster,,cluster_mxRKCDXs,ETH,ETH,clean,2025-12-06T14:04:33
wal_000776,external_cluster,,cluster_GHAkmZMi,ETH,ETH,clean,2025-11-15T20:40:49
wal_000777,external_cluster,,cluster_dPExJgTH,BTC,BTC,clean,2025-11-26T12:16:03
wal_000778,external_cluster,,cluster_sfWkrCGj,USDT,TRON,clean,2025-11-19T15:25:35
wal_000779,external_cluster,,cluster_foCwbAdz,USDT,TRON,clean,2025-11-23T21:59:24
wal_000780,external_cluster,,cluster_pyfxobug,USDT,TRON,clean,2025-12-24T23:21:52
wal_000781,external_cluster,,cluster_PvYjicsE,USDT,TRON,clean,2025-12-13T14:47:19
wal_000782,external_cluster,,cluster_iWTECNaf,USDT,TRON,clean,2025-12-11T08:37:44
wal_000783,external_cluster,,cluster_njJUMHBh,USDT,TRON,clean,2025-11-26T17:34:39
wal_000784,external_cluster,,cluster_pthdpAOY,ETH,ETH,clean,2025-12-31T12:04:37
wal_000785,external_cluster,,cluster_ehFMIbOG,USDT,TRON,clean,2025-12-08T13:04:48
wal_000786,external_cluster,,cluster_TjsBaNwp,USDT,TRON,clean,2025-11-15T21:54:12
wal_000787,external_cluster,,cluster_lQQfHxeH,USDT,TRON,clean,2025-12-27T17:03:25
wal_000788,external_cluster,,cluster_YGJbyEcO,ETH,ETH,clean,2025-12-15T16:27:37
wal_000789,external_cluster,,cluster_xqVbwYew,ETH,ETH,clean,2025-11-26T16:57:16
wal_000790,external_cluster,,cluster_QOgXLVWv,ETH,ETH,clean,2025-11-03T23:11:31
wal_000791,external_cluster,,cluster_wIvPlXRD,USDT,TRON,clean,2025-11-12T20:52:04
wal_000792,external_cluster,,cluster_EOlZieTX,BTC,BTC,clean,2025-11-25T03:37:07
wal_000793,external_cluster,,cluster_csmcYmcu,USDT,TRON,clean,2025-12-16T22:44:05
wal_000794,external_cluster,,cluster_GzIEqcWP,USDT,TRON,clean,2025-12-02T22:31:55
wal_000795,external_cluster,,cluster_wXdPvrhZ,USDT,TRON,clean,2025-11-23T22:59:44
wal_000796,external_cluster,,cluster_zVCyvlFS,BTC,BTC,clean,2025-12-07T13:25:11
wal_000797,external_cluster,,cluster_ZHrZfUBf,USDT,TRON,clean,2025-11-18T20:08:43
wal_000798,external_cluster,,cluster_lIsugfuQ,USDT,TRON,clean,2025-11-25T15:04:51
wal_000799,external_cluster,,cluster_CMTBkSCw,BTC,BTC,clean,2025-11-18T12:53:36
wal_000800,external_cluster,,cluster_UwNBrOYd,ETH,ETH,clean,2025-12-11T22:27:59
wal_000801,external_cluster,,cluster_OzxGZVRk,ETH,ETH,clean,2025-11-05T07:36:32
wal_000802,external_cluster,,cluster_jMRYCcie,BTC,BTC,clean,2025-12-02T20:18:41
wal_000803,external_cluster,,cluster_PxxyKcMj,BTC,BTC,clean,2025-11-28T21:24:04
wal_000804,external_cluster,,cluster_xxCWeKiH,BTC,BTC,clean,2025-12-20T07:23:38
wal_000805,external_cluster,,cluster_uPrphbVl,ETH,ETH,clean,2025-11-11T15:28:34
wal_000806,external_cluster,,cluster_yJhqXqTC,USDT,TRON,clean,2025-12-23T11:31:03
wal_000807,external_cluster,,cluster_NsSFmhie,USDT,TRON,clean,2025-12-30T08:08:46
wal_000808,external_cluster,,cluster_TCfZRuQw,USDT,TRON,clean,2025-12-07T08:39:03
wal_000809,external_cluster,,cluster_JIstkTTS,BTC,BTC,clean,2026-01-01T17:39:38
wal_000810,external_cluster,,cluster_YxGohmYi,BTC,BTC,clean,2025-12-03T10:19:52
wal_000811,external_cluster,,cluster_FbxJKxDZ,BTC,BTC,clean,2026-01-01T10:07:22
wal_000812,external_cluster,,cluster_iNfetzTU,USDT,TRON,clean,2025-12-04T19:40:53
wal_000813,external_cluster,,cluster_AXAKeiuP,USDT,TRON,clean,2025-12-22T21:49:24
wal_000814,external_cluster,,cluster_DRHwiXJO,USDT,TRON,clean,2025-12-20T23:18:08
wal_000815,external_cluster,,cluster_XiBGdhHj,BTC,BTC,clean,2025-11-26T19:55:25
wal_000816,external_cluster,,cluster_kuTowHsf,USDT,TRON,clean,2025-12-12T23:22:47
wal_000817,external_cluster,,cluster_OJriOtNI,BTC,BTC,clean,2025-12-02T14:50:17
wal_000818,external_cluster,,cluster_PkLLjkQN,USDT,TRON,clean,2025-12-18T22:18:09
wal_000819,external_cluster,,cluster_MvKcbfcP,USDT,TRON,clean,2025-11-27T17:11:56
wal_000820,external_cluster,,cluster_qPnXKANO,USDT,TRON,clean,2025-12-08T08:35:53
wal_000821,external_cluster,,cluster_OIsPtEpZ,USDT,TRON,clean,2025-12-06T15:08:06
wal_000822,external_cluster,,cluster_ztDeSdkC,USDT,TRON,clean,2025-11-06T13:29:26
wal_000823,external_cluster,,cluster_DnvMjuTu,ETH,ETH,clean,2025-12-28T17:21:07
wal_000824,external_cluster,,cluster_wziWxGJg,USDT,TRON,clean,2025-12-29T04:16:12
wal_000825,external_cluster,,cluster_DhrCpjgd,USDT,TRON,clean,2025-12-20T14:47:43
wal_000826,external_cluster,,cluster_yNApkuKU,USDT,TRON,clean,2025-12-03T16:58:08
wal_000827,external_cluster,,cluster_WkFGDFtF,ETH,ETH,clean,2025-12-16T17:32:59
wal_000828,external_cluster,,cluster_zGDpnLwd,ETH,ETH,clean,2025-12-04T02:54:32
wal_000829,external_cluster,,cluster_FMPREsIa,ETH,ETH,clean,2025-12-28T16:37:30
wal_000830,external_cluster,,cluster_BiqUxWzx,USDT,TRON,clean,2025-12-10T09:26:04
wal_000831,external_cluster,,cluster_dKJmxJse,USDT,TRON,clean,2025-12-09T19:51:14
wal_000832,external_cluster,,cluster_CWJrNRNh,USDT,TRON,clean,2025-12-30T09:36:59
wal_000833,external_cluster,,cluster_gzxYvJxW,USDT,TRON,clean,2025-12-15T12:25:45
wal_000834,external_cluster,,cluster_MGzGccci,USDT,TRON,clean,2025-11-13T09:31:28
wal_000835,external_cluster,,cluster_ZEHDjMGi,USDT,TRON,clean,2025-12-22T19:48:50
wal_000836,external_cluster,,cluster_NukzNVtL,USDT,TRON,clean,2025-12-07T21:12:24
wal_000837,external_cluster,,cluster_GIFTKtEb,USDT,TRON,clean,2025-11-27T17:57:39
wal_000838,external_cluster,,cluster_RhALtYUS,BTC,BTC,clean,2025-11-20T08:04:32
wal_000839,external_cluster,,cluster_MEqPYXLK,USDT,TRON,clean,2025-11-22T18:44:50
wal_000840,external_cluster,,cluster_dLEkHOUN,USDT,TRON,clean,2025-12-29T23:24:16
wal_000841,external_cluster,,cluster_yjRpcKSh,USDT,TRON,clean,2025-11-14T15:17:00
wal_000842,external_cluster,,cluster_CuAjASnA,BTC,BTC,clean,2025-11-25T11:42:19
wal_000843,external_cluster,,cluster_NEVUdTiH,BTC,BTC,clean,2025-11-14T17:13:24
wal_000844,external_cluster,,cluster_uQEHyulD,BTC,BTC,clean,2025-12-15T17:39:37
wal_000845,external_cluster,,cluster_vIwRXURP,BTC,BTC,clean,2025-11-18T23:20:05
wal_000846,external_cluster,,cluster_qNEmprJt,USDT,TRON,clean,2025-12-21T20:11:04
wal_000847,external_cluster,,cluster_tXsTnSTF,USDT,TRON,clean,2025-11-08T13:21:08
wal_000848,external_cluster,,cluster_wJYUrshK,USDT,TRON,clean,2025-12-09T15:39:48
wal_000849,external_cluster,,cluster_yzwXZjsc,USDT,TRON,clean,2025-11-25T10:31:36
wal_000850,external_cluster,,cluster_TfwCPqVE,ETH,ETH,clean,2025-12-10T16:33:06
wal_000851,external_cluster,,cluster_IrJSrigN,USDT,TRON,clean,2025-12-12T15:52:58
wal_000852,external_cluster,,cluster_ppdQHoOo,USDT,TRON,clean,2025-11-09T07:38:44
wal_000853,external_cluster,,cluster_AvTEgRXi,USDT,TRON,clean,2025-11-20T09:07:31
wal_000854,external_cluster,,cluster_JkAPEEPm,USDT,TRON,clean,2025-11-23T20:13:16
wal_000855,external_cluster,,cluster_susPdXfP,USDT,TRON,clean,2025-12-01T11:38:27
wal_000856,external_cluster,,cluster_IVUclAlc,USDT,TRON,clean,2025-11-15T15:30:00
wal_000857,external_cluster,,cluster_zYFlVsca,USDT,TRON,clean,2025-12-08T13:38:54
wal_000858,external_cluster,,cluster_MgvsDPIH,USDT,TRON,clean,2025-11-29T12:12:59
wal_000859,external_cluster,,cluster_iGDrmZhv,USDT,TRON,clean,2025-12-13T09:02:09
wal_000860,external_cluster,,cluster_DPqTlaVv,USDT,TRON,clean,2025-12-04T14:56:21
wal_000861,external_cluster,,cluster_KRWmlNOz,USDT,TRON,clean,2025-12-04T13:45:25
wal_000862,external_cluster,,cluster_GufzQgli,USDT,TRON,clean,2025-12-20T10:24:04
wal_000863,external_cluster,,cluster_paqypCWr,ETH,ETH,clean,2025-12-11T19:46:21
wal_000864,external_cluster,,cluster_tLUKaqPx,ETH,ETH,clean,2025-12-05T07:52:03
wal_000865,external_cluster,,cluster_dQhDtkzR,BTC,BTC,clean,2025-11-19T04:07:54
wal_000866,external_cluster,,cluster_TXtShOsx,USDT,TRON,clean,2025-11-07T17:24:25
wal_000867,external_cluster,,cluster_oiEjDVMx,USDT,TRON,clean,2025-12-01T16:35:35
wal_000868,external_cluster,,cluster_JEWIZQnW,USDT,TRON,clean,2025-12-12T12:33:10
wal_000869,external_cluster,,cluster_WMYfHCHT,USDT,TRON,clean,2025-12-03T12:08:52
wal_000870,external_cluster,,cluster_KhdJGmKI,USDT,TRON,clean,2025-12-06T14:59:34
wal_000871,external_cluster,,cluster_uHChRnTL,USDT,TRON,clean,2025-12-22T14:21:59
wal_000872,external_cluster,,cluster_GCZdDiGA,BTC,BTC,clean,2025-12-07T00:25:22
wal_000873,external_cluster,,cluster_dJDRZtUb,ETH,ETH,clean,2025-11-13T17:36:26
wal_000874,external_cluster,,cluster_aVnLecBw,USDT,TRON,clean,2025-12-10T14:35:28
wal_000875,external_cluster,,cluster_IdeEcsAl,USDT,TRON,clean,2025-12-24T10:45:07
wal_000876,external_cluster,,cluster_XPUPAxyC,USDT,TRON,clean,2025-11-07T22:33:03
wal_000877,external_cluster,,cluster_yyfRQIiP,ETH,ETH,clean,2025-11-05T19:59:54
wal_000878,external_cluster,,cluster_hlIzHiUo,USDT,TRON,clean,2025-11-30T21:15:03
wal_000879,external_cluster,,cluster_WbtDRUIB,USDT,TRON,clean,2025-11-19T22:39:26
wal_000880,external_cluster,,cluster_opDwjrmU,ETH,ETH,clean,2025-12-25T14:15:27
wal_000881,external_cluster,,cluster_cZQANXbp,USDT,TRON,clean,2025-11-26T17:20:37
wal_000882,external_cluster,,cluster_gMcCMRTd,BTC,BTC,clean,2025-12-18T18:36:52
wal_000883,external_cluster,,cluster_czCoInWX,USDT,TRON,clean,2025-11-19T16:45:15
wal_000884,external_cluster,,cluster_GsoUKuKM,ETH,ETH,clean,2025-11-03T07:55:07
wal_000885,external_cluster,,cluster_uptjQHoA,USDT,TRON,clean,2026-01-01T23:59:00
wal_000886,external_cluster,,cluster_dJLVlORB,ETH,ETH,clean,2025-11-10T18:34:37
wal_000887,external_cluster,,cluster_dwPQyYHu,USDT,TRON,clean,2025-11-26T00:33:36
wal_000888,external_cluster,,cluster_AjtylWIE,USDT,TRON,clean,2025-11-02T20:30:55
wal_000889,external_cluster,,cluster_otTjZDdJ,USDT,TRON,clean,2025-12-04T14:49:21
wal_000890,external_cluster,,cluster_AJHiypqn,ETH,ETH,clean,2025-12-18T12:31:03
wal_000891,external_cluster,,cluster_fCxfIUmd,ETH,ETH,clean,2025-12-14T15:05:15
wal_000892,external_cluster,,cluster_RMMcemZW,ETH,ETH,clean,2025-12-28T07:18:32
wal_000893,external_cluster,,cluster_QJnEnvta,USDT,TRON,clean,2025-11-09T16:43:38
wal_000894,external_cluster,,cluster_mVhVWEpS,USDT,TRON,clean,2025-12-22T15:56:08
wal_000895,external_cluster,,cluster_nzpJuXsy,USDT,TRON,clean,2025-12-22T22:01:02
wal_000896,external_cluster,,cluster_PwtqxGFD,BTC,BTC,clean,2025-11-10T16:15:49
wal_000897,external_cluster,,cluster_UEWunxuA,USDT,TRON,clean,2025-11-21T13:01:03
wal_000898,external_cluster,,cluster_oVjbqJLL,USDT,TRON,clean,2025-12-26T23:30:31
wal_000899,external_cluster,,cluster_sjmvoyKp,ETH,ETH,clean,2025-11-29T15:04:43
wal_000900,external_cluster,,cluster_PRvqWFUP,ETH,ETH,clean,2025-12-14T13:47:48
wal_000901,external_cluster,,cluster_DkUYwkiU,USDT,TRON,clean,2025-12-10T23:46:25
wal_000902,external_cluster,,cluster_lIPdHceQ,ETH,ETH,clean,2025-12-01T07:19:39
wal_000903,external_cluster,,cluster_aAiOoeTj,ETH,ETH,clean,2025-11-18T23:01:46
wal_000904,external_cluster,,cluster_GDxdNOQN,BTC,BTC,clean,2025-12-26T15:43:47
wal_000905,external_cluster,,cluster_QFbaIJAa,BTC,BTC,clean,2025-11-15T11:00:22
wal_000906,external_cluster,,cluster_UrIsbGSR,USDT,TRON,clean,2025-11-15T16:24:27
wal_000907,external_cluster,,cluster_lggHjpmN,USDT,TRON,clean,2025-12-08T10:17:01
wal_000908,external_cluster,,cluster_wrYzfxzD,USDT,TRON,clean,2025-11-25T22:01:28
wal_000909,external_cluster,,scn_scn_000001_shared_cluster,USDT,TRON,suspicious_neighbor,2025-12-23T04:42:51
wal_000910,external_cluster,,scn_scn_000002_cashout,USDT,TRON,suspicious_neighbor,2025-12-08T08:29:07
wal_000911,external_cluster,,scn_scn_000003_cashout,USDT,TRON,suspicious_neighbor,2025-11-29T09:41:50
wal_000912,external_cluster,,scn_scn_000004_cashout,USDT,TRON,suspicious_neighbor,2025-11-21T10:06:34
